INSERT INTO comprador (dni, nombre) VALUES 
('12345678', 'Valentina Cabrera'),
('87654321', 'Joaquín Pérez'),
('45678912', 'Mariana López'),
('98765432', 'Sofía Rodríguez'),
('23456789', 'Tomás González'),
('43210987', 'Camila Ramírez'),
('10101010', 'Emilia Vega'),
('20202020', 'Lautaro Muñoz'),
('30303030', 'Julián Figueroa'),
('40404040', 'Florencia Morales'),
('50505050', 'Martín Castillo'),
('60606060', 'Elena Soto'),
('71717171', 'Carlos Méndez'),
('82828282', 'Lucía Fernández'),
('93939393', 'Mateo Vargas'),
('10111213', 'Ana Ríos'),
('11121314', 'Pedro Jiménez'),
('12131415', 'Isabella Herrera'),
('13141516', 'Diego Suárez'),
('14151617', 'Santiago Ruiz'),
('15161718', 'Mónica Salinas'),
('16171819', 'Gabriela Castro'),
('17181920', 'Ricardo Ortiz'),
('34567890', 'Lucas Martínez'),
('56789012', 'Diego Silva'),
('18192021', 'Laura Paredes');

INSERT INTO vendedor (dni, nombre) VALUES
('12345678', 'Valentina Cabrera'),
('87654321', 'Joaquín Pérez'),
('98765432', 'Sofía Rodríguez'),
('23456789', 'Tomás González'),
('10101010', 'Emilia Vega'),
('30303030', 'Julián Figueroa'),
('40404040', 'Florencia Morales'),
('50505050', 'Martín Castillo'),
('60606060', 'Elena Soto'),
('70707070', 'Gabriel Reyes'),
('80808080', 'Julieta Navarro'),
('90909090', 'Matías Rivas'),
('11111111', 'Sabrina Álvarez'),
('22222222', 'Ignacio López'),
('33333333', 'Paula Herrera'),
('44444444', 'Federico Gómez'),
('55555555', 'Lucía Domínguez'),
('66666666', 'Nicolás Ramírez'),
('77777777', 'Victoria Vargas'),
('88888888', 'Agustín Pérez'),
('99999999', 'Micaela Correa'),
('12121212', 'Juan Cruz Fernández'),
('13131313', 'María Belén Gutiérrez'),
('65432198', 'Carla Fernández'),
('34567890', 'Lucas Martínez'),
('76543210', 'Ana Torres'),
('56789012', 'Diego Silva'),
('12131415', 'Isabella Herrera'),
('13141516', 'Diego Suárez'),
('14151617', 'Santiago Ruiz'),
('15161718', 'Mónica Salinas');

INSERT INTO publicacion (vendedor, producto, categoria, precio, disponible)
VALUES
(12345678, 'Laptop', 'Electrónica', 180000, TRUE), 
(87654321, 'Smartphone', 'Electrónica', 120000, TRUE),
(98765432, 'Monitor', 'Electrónica', 22000, TRUE),
(34567890, 'Mesa', 'Muebles', 8500, TRUE),
(56789012, 'Reloj inteligente', 'Electrónica', 45000, TRUE),
(10101010, 'Cámara', 'Electrónica', 90000, TRUE),
(22222222, 'Lámpara', 'Hogar', 3000, TRUE),
(90909090, 'Parlante', 'Electrónica', 18000, TRUE),
(66666666, 'Teclado', 'Electrónica', 1500, TRUE),
(12121212, 'Impresora', 'Electrónica', 35000, TRUE),
(30303030, 'Laptop', 'Electrónica', 125000, TRUE),
(50505050, 'Auriculares', 'Electrónica', 8000, TRUE),
(88888888, 'Tablet', 'Electrónica', 56000, TRUE),
(13131313, 'Cuadro', 'Decoración', 12000, TRUE),
(22222222, 'Ventilador', 'Electrodomésticos', 5000, TRUE),
(10101010, 'Licuadora', 'Electrodomésticos', 8000, TRUE),
(44444444, 'Colchón', 'Hogar', 75000, TRUE),
(66666666, 'Silla', 'Muebles', 22000, TRUE),
(10101010, 'Agenda', 'Papelería', 1200, TRUE),
(22222222, 'Campera', 'Ropa', 25000, TRUE),
(34567890, 'Mesa', 'Muebles', 7000, FALSE),
(70707070, 'Zapatillas', 'Calzado', 12000, TRUE),
(56789012, 'Raqueta', 'Deportes', 14000, TRUE), 
(34567890, 'Estantería', 'Muebles', 18000, TRUE),
(12345678, 'Televisor', 'Electrodomésticos', 50000, TRUE), 
(87654321, 'Cafetera', 'Electrodomésticos', 8000, TRUE), 
(98765432, 'Sofá', 'Muebles', 20000, TRUE), 
(23456789, 'Bicicleta', 'Deportes', 15000, TRUE), 
(34567890, 'Libro', 'Papelería', 1200, TRUE), 
(56789012, 'Cuchillos', 'Hogar', 2500, TRUE), 
(10101010, 'Sábanas', 'Hogar', 3000, TRUE), 
(22222222, 'Mouse', 'Electrónica', 1200, TRUE), 
(90909090, 'Cargador', 'Electrónica', 1500, TRUE), 
(66666666, 'Vestido', 'Ropa', 10000, TRUE),
(12121212, 'Estufa', 'Electrodomésticos', 25000, TRUE), 
(30303030, 'Microondas', 'Electrodomésticos', 15000, TRUE), 
(50505050, 'Sombrero', 'Ropa', 3500, TRUE), 
(70707070, 'Mochila', 'Accesorios', 4500, TRUE), 
(88888888, 'Cartera', 'Accesorios', 8500, TRUE), 
(13131313, 'Lápiz', 'Papelería', 50, TRUE), 
(22222222, 'Taza', 'Hogar', 300, TRUE), 
(90909090, 'Platos', 'Hogar', 1200, TRUE), 
(66666666, 'Mancuernas', 'Deportes', 10000, TRUE), 
(12121212, 'Botella', 'Accesorios', 700, TRUE);

INSERT INTO caracteristica (caracteristica, producto, vendedor) VALUES
('Alta performance', 'Laptop', 12345678),
('Pantalla HD', 'Laptop', 12345678),
('Portátil', 'Laptop', 12345678),
('Pantalla táctil', 'Smartphone', 87654321),
('Cámara avanzada', 'Smartphone', 87654321),
('Conectividad 5G', 'Smartphone', 87654321),
('Resolución 4K', 'Monitor', 98765432),
('Pantalla curva', 'Monitor', 98765432),
('Diseño ergonómico', 'Monitor', 98765432),
('Moderna', 'Mesa', 34567890),
('Madera sólida', 'Mesa', 34567890),
('Fácil de ensamblar', 'Mesa', 34567890),
('Resistente al agua', 'Reloj inteligente', 56789012),
('Monitor de actividad', 'Reloj inteligente', 56789012),
('GPS integrado', 'Reloj inteligente', 56789012),
('Alta resolución', 'Cámara', 10101010),
('Lente intercambiable', 'Cámara', 10101010),
('Compacta', 'Cámara', 10101010),
('LED ajustable', 'Lámpara', 22222222),
('Energía eficiente', 'Lámpara', 22222222),
('Diseño moderno', 'Lámpara', 22222222),
('Potente sonido', 'Parlante', 90909090),
('Bluetooth', 'Parlante', 90909090),
('Recargable', 'Parlante', 90909090),
('Diseño ergonómico', 'Teclado', 66666666),
('Silencioso', 'Teclado', 66666666),
('Retroiluminado', 'Teclado', 66666666),
('Wi-Fi Direct', 'Impresora', 12121212),
('Impresión a color', 'Impresora', 12121212),
('Compacta', 'Impresora', 12121212),
('Pantalla FHD', 'Laptop', 30303030),
('Ligera', 'Laptop', 30303030),
('Batería de larga duración', 'Laptop', 30303030),
('Cancelación de ruido', 'Auriculares', 50505050),
('Ligero', 'Auriculares', 50505050),
('Micrófono integrado', 'Auriculares', 50505050),
('Pantalla amplia', 'Tablet', 88888888),
('Batería duradera', 'Tablet', 88888888),
('Compatibilidad con stylus', 'Tablet', 88888888),
('Diseño minimalista', 'Cuadro', 13131313),
('Colores vibrantes', 'Cuadro', 13131313),
('Marco resistente', 'Cuadro', 13131313),
('Silencioso', 'Ventilador', 22222222),
('Bajo consumo', 'Ventilador', 22222222),
('Compacto', 'Ventilador', 22222222),
('Resistente', 'Licuadora', 10101010),
('Fácil de limpiar', 'Licuadora', 10101010),
('Cuchillas de acero inoxidable', 'Licuadora', 10101010),
('Ergonómico', 'Colchón', 44444444),
('Antialérgico', 'Colchón', 44444444),
('Durable', 'Colchón', 44444444),
('Apilable', 'Silla', 66666666),
('Ligera', 'Silla', 66666666),
('Cómoda', 'Silla', 66666666),
('Reciclable', 'Agenda', 10101010),
('Tamaño A5', 'Agenda', 10101010),
('Papel grueso', 'Agenda', 10101010),
('Impermeable', 'Campera', 22222222),
('Ajustable', 'Campera', 22222222),
('Forro térmico', 'Campera', 22222222),
('Resistente al agua', 'Zapatillas', 70707070),
('Antideslizante', 'Zapatillas', 70707070),
('Deportivo', 'Zapatillas', 70707070),
('Ligera', 'Raqueta', 56789012),
('Tensión ajustable', 'Raqueta', 56789012),
('Resistente', 'Raqueta', 56789012),
('Estilo industrial', 'Estantería', 34567890),
('Fácil montaje', 'Estantería', 34567890),
('Duradera', 'Estantería', 34567890),
('Resolución UHD', 'Televisor', 12345678),
('Compatible con streaming', 'Televisor', 12345678),
('Smart TV', 'Televisor', 12345678),
('Rápida', 'Cafetera', 87654321),
('Programable', 'Cafetera', 87654321),
('Eficiente', 'Cafetera', 87654321),
('Diseño moderno', 'Sofá', 98765432),
('Tapizado resistente', 'Sofá', 98765432),
('Asientos amplios', 'Sofá', 98765432),
('Plegable', 'Bicicleta', 23456789),
('Suspensión', 'Bicicleta', 23456789),
('Ligera', 'Bicicleta', 23456789),
('Tapa dura', 'Libro', 34567890),
('Contenido educativo', 'Libro', 34567890),
('Fácil de leer', 'Libro', 34567890),
('Ergonómico', 'Cuchillos', 56789012),
('Acero inoxidable', 'Cuchillos', 56789012),
('Afilados', 'Cuchillos', 56789012),
('Antibacterial', 'Sábanas', 10101010),
('Tejido suave', 'Sábanas', 10101010),
('Resistente', 'Sábanas', 10101010),
('Alta sensibilidad', 'Mouse', 22222222),
('Compacto', 'Mouse', 22222222),
('Durable', 'Mouse', 22222222),
('Carga rápida', 'Cargador', 90909090),
('Compacto', 'Cargador', 90909090),
('Duradero', 'Cargador', 90909090),
('Corte ajustado', 'Vestido', 66666666),
('Tejido cómodo', 'Vestido', 66666666),
('Diseño elegante', 'Vestido', 66666666),
('Control digital', 'Estufa', 12121212),
('Eficiencia energética', 'Estufa', 12121212),
('Diseño compacto', 'Estufa', 12121212),
('Cocción uniforme', 'Microondas', 30303030),
('Fácil de usar', 'Microondas', 30303030),
('Panel digital', 'Microondas', 30303030),
('Protección UV', 'Sombrero', 50505050),
('Plegable', 'Sombrero', 50505050),
('Ligero', 'Sombrero', 50505050),
('Resistente', 'Mochila', 70707070),
('Impermeable', 'Mochila', 70707070),
('Bolsillos múltiples', 'Mochila', 70707070),
('Diseño moderno', 'Cartera', 88888888),
('Compacta', 'Cartera', 88888888),
('Alta capacidad', 'Cartera', 88888888),
('Ecológico', 'Lápiz', 13131313),
('Alta precisión', 'Lápiz', 13131313),
('Duradero', 'Lápiz', 13131313),
('Cerámica', 'Taza', 22222222),
('Diseño elegante', 'Taza', 22222222),
('Fácil de lavar', 'Taza', 22222222),
('Resistentes', 'Platos', 90909090),
('Diseño moderno', 'Platos', 90909090),
('Antirayaduras', 'Platos', 90909090),
('Antideslizante', 'Mancuernas', 66666666),
('Diseño ergonómico', 'Mancuernas', 66666666),
('Revestimiento duradero', 'Mancuernas', 66666666),
('Libre de BPA', 'Botella', 12121212),
('Reutilizable', 'Botella', 12121212),
('Compacta', 'Botella', 12121212);

INSERT INTO compra (vendedor, producto, comprador, estado_envio, estado_compra, fecha_compra, forma_pago, monto_total) VALUES 
(12345678, 'Laptop', 98765432, 'EN CAMINO', 'COMPRADO', '2024-11-01', 'TARJETA DE CREDITO', 180000),
(87654321, 'Smartphone', 45678912, 'CANCELADO', 'CANCELADO', '2024-11-02', 'TRANSFERENCIA', 120000),
(98765432, 'Monitor', 12345678, 'RECIBIDO', 'COMPRADO', '2024-11-03', 'TARJETA DE DEBITO', 22000),
(34567890, 'Mesa', 98765432, 'EN PREPARACION', 'EN PROCESO', '2024-11-04', 'EFECTIVO', 8500),
(56789012, 'Reloj inteligente', 23456789, 'EN CAMINO', 'COMPRADO', '2024-11-05', 'TARJETA DE CREDITO', 45000),
(10101010, 'Cámara', 43210987, 'EN PREPARACION', 'EN PROCESO', '2024-11-06', 'TRANSFERENCIA', 90000),
(22222222, 'Lámpara', 12345678, 'RECIBIDO', 'COMPRADO', '2024-11-07', 'TARJETA DE DEBITO', 3000),
(90909090, 'Parlante', 56789012, 'CANCELADO', 'CANCELADO', '2024-11-08', 'EFECTIVO', 18000),
(66666666, 'Teclado', 98765432, 'RECIBIDO', 'COMPRADO', '2024-11-09', 'TARJETA DE CREDITO', 1500),
(12121212, 'Impresora', 23456789, 'EN PREPARACION', 'EN PROCESO', '2024-11-10', 'TRANSFERENCIA', 35000),
(30303030, 'Laptop', 10101010, 'EN CAMINO', 'COMPRADO', '2024-11-11', 'TARJETA DE DEBITO', 125000),
(50505050, 'Auriculares', 12345678, 'CANCELADO', 'CANCELADO', '2024-11-12', 'EFECTIVO', 8000),
(88888888, 'Tablet', 98765432, 'EN CAMINO', 'COMPRADO', '2024-11-13', 'TARJETA DE CREDITO', 56000),
(13131313, 'Cuadro', 56789012, 'RECIBIDO', 'COMPRADO', '2024-11-14', 'TRANSFERENCIA', 12000),
(22222222, 'Ventilador', 23456789, 'RECIBIDO', 'COMPRADO', '2024-11-15', 'TARJETA DE DEBITO', 5000),
(10101010, 'Licuadora', 43210987, 'EN PREPARACION', 'EN PROCESO', '2024-11-16', 'EFECTIVO', 8000),
(44444444, 'Colchón', 12345678, 'RECIBIDO', 'COMPRADO', '2024-11-17', 'TARJETA DE CREDITO', 75000),
(66666666, 'Silla', 98765432, 'CANCELADO', 'CANCELADO', '2024-11-18', 'TRANSFERENCIA', 22000),
(10101010, 'Agenda', 23456789, 'EN CAMINO', 'COMPRADO', '2024-11-19', 'TARJETA DE DEBITO', 1200),
(22222222, 'Campera', 12345678, 'EN PREPARACION', 'EN PROCESO', '2024-11-20', 'EFECTIVO', 25000),
(34567890, 'Mesa', 98765432, 'RECIBIDO', 'COMPRADO', '2024-11-21', 'TARJETA DE CREDITO', 7000),
(70707070, 'Zapatillas', 23456789, 'EN PREPARACION', 'EN PROCESO', '2024-11-22', 'TRANSFERENCIA', 12000),
(56789012, 'Raqueta', 12345678, 'RECIBIDO', 'COMPRADO', '2024-11-23', 'TARJETA DE DEBITO', 14000),
(34567890, 'Estantería', 98765432, 'CANCELADO', 'CANCELADO', '2024-11-24', 'EFECTIVO', 18000),
(12345678, 'Televisor', 23456789, 'EN CAMINO', 'COMPRADO', '2024-11-25', 'TARJETA DE CREDITO', 50000),
(87654321, 'Cafetera', 56789012, 'EN PREPARACION', 'EN PROCESO', '2024-11-26', 'TRANSFERENCIA', 8000),
(98765432, 'Sofá', 12345678, 'RECIBIDO', 'COMPRADO', '2024-11-27', 'TARJETA DE DEBITO', 20000),
(23456789, 'Bicicleta', 23456789, 'CANCELADO', 'CANCELADO', '2024-11-28', 'EFECTIVO', 15000),
(34567890, 'Libro', 98765432, 'RECIBIDO', 'COMPRADO', '2024-11-29', 'TARJETA DE CREDITO', 1200),
(56789012, 'Cuchillos', 23456789, 'EN PREPARACION', 'EN PROCESO', '2024-11-30', 'TRANSFERENCIA', 2500);
