/* Agrego varios usuarios ejemplo */
INSERT INTO usuario (dni, nombre) VALUES 
('12345678', 'Valentina Cabrera'),
('87654321', 'Joaquín Pérez'),
('45678912', 'Mariana López'),
('98765432', 'Sofía Rodríguez'),
('23456789', 'Tomás González'),
('65432198', 'Carla Fernández'),
('34567890', 'Lucas Martínez'),
('76543210', 'Ana Torres'),
('56789012', 'Diego Silva'),
('43210987', 'Camila Ramírez'),
('10101010', 'Emilia Vega'),
('20202020', 'Lautaro Muñoz'),
('30303030', 'Julián Figueroa'),
('40404040', 'Florencia Morales'),
('50505050', 'Martín Castillo'),
('60606060', 'Elena Soto'),
('70707070', 'Gabriel Reyes'),
('80808080', 'Julieta Navarro'),
('90909090', 'Matías Rivas'),
('11111111', 'Sabrina Álvarez'),
('22222222', 'Ignacio López'),
('33333333', 'Paula Herrera'),
('44444444', 'Federico Gómez'),
('55555555', 'Lucía Domínguez'),
('66666666', 'Nicolás Ramírez'),
('77777777', 'Victoria Vargas'),
('88888888', 'Agustín Pérez'),
('99999999', 'Micaela Correa'),
('12121212', 'Juan Cruz Fernández'),
('13131313', 'María Belén Gutiérrez');

/* Agrego información sobre los roles de estos usuarios */
INSERT INTO rol (dni, rol) VALUES 
('12345678', 'VENDEDOR'),
('12345678', 'COMPRADOR'),
('87654321', 'VENDEDOR'),
('87654321', 'COMPRADOR'),
('45678912', 'ADMIN'),
('45678912', 'COMPRADOR'),
('98765432', 'VENDEDOR'),
('98765432', 'COMPRADOR'),
('23456789', 'VENDEDOR'),
('23456789', 'COMPRADOR'),
('65432198', 'COMPRADOR'),
('34567890', 'VENDEDOR'),
('76543210', 'COMPRADOR'),
('56789012', 'VENDEDOR'),
('43210987', 'COMPRADOR'),
('10101010', 'VENDEDOR'),
('20202020', 'COMPRADOR'),
('30303030', 'VENDEDOR'),
('40404040', 'COMPRADOR'),
('50505050', 'VENDEDOR'),
('60606060', 'COMPRADOR'),
('70707070', 'VENDEDOR'),
('80808080', 'COMPRADOR'),
('90909090', 'VENDEDOR'),
('11111111', 'ADMIN'),
('11111111', 'COMPRADOR'),
('22222222', 'VENDEDOR'),
('33333333', 'COMPRADOR'),
('44444444', 'VENDEDOR'),
('55555555', 'COMPRADOR'),
('66666666', 'VENDEDOR'),
('77777777', 'COMPRADOR'),
('88888888', 'VENDEDOR'),
('99999999', 'COMPRADOR'),
('12121212', 'VENDEDOR'),
('12121212', 'COMPRADOR'),
('13131313', 'VENDEDOR'),
('13131313', 'COMPRADOR');

/* Agrego varios ejemplos de productos con sus categorías */
INSERT INTO producto (nombre_producto, categoria) VALUES 
('Laptop', 'Tecnología'),
('Smartphone', 'Tecnología'),
('Televisor', 'Electrónica'),
('Cafetera', 'Electrodomésticos'),
('Sofá', 'Muebles'),
('Mesa', 'Muebles'),
('Zapatillas', 'Ropa y Calzado'),
('Campera', 'Ropa y Calzado'),
('Bicicleta', 'Deportes'),
('Raqueta', 'Deportes'),
('Libro', 'Libros'),
('Lámpara', 'Decoración'),
('Cuchillos', 'Hogar'),
('Sábanas', 'Hogar'),
('Cámara', 'Fotografía'),
('Reloj inteligente', 'Tecnología'),
('Monitor', 'Tecnología'),
('Silla', 'Muebles'),
('Auriculares', 'Electrónica'),
('Ollas', 'Cocina'),
('Tablet', 'Tecnología'),
('Impresora', 'Electrónica'),
('Mouse', 'Electrónica'),
('Teclado', 'Electrónica'),
('Licuadora', 'Electrodomésticos'),
('Ventilador', 'Electrodomésticos'),
('Espejo', 'Decoración'),
('Cuadro', 'Decoración'),
('Cortinas', 'Hogar'),
('Cojines', 'Hogar'),
('Taza', 'Cocina'),
('Platos', 'Cocina'),
('Botella', 'Deportes'),
('Mancuernas', 'Deportes'),
('Cartera', 'Accesorios'),
('Mochila', 'Accesorios'),
('Sombrero', 'Ropa y Calzado'),
('Vestido', 'Ropa y Calzado'),
('Parlante', 'Electrónica'),
('Cargador', 'Tecnología'),
('Microondas', 'Electrodomésticos'),
('Estufa', 'Electrodomésticos'),
('Perchero', 'Muebles'),
('Estantería', 'Muebles'),
('Colchón', 'Hogar'),
('Agenda', 'Papelería'),
('Lápiz', 'Papelería'),
('Bolígrafo', 'Papelería'),
('Papelera', 'Hogar'),
('Base para TV', 'Electrónica');

/* Añado publicaciones varias */
INSERT INTO publicacion (vendedor, producto, precio)
    (12345678, 'Laptop', 180000), 
    (87654321, 'Smartphone', 120000),
    (98765432, 'Monitor', 22000),
    (34567890, 'Mesa', 8500),
    (56789012, 'Reloj inteligente', 45000),
    (10101010, 'Cámara', 90000),
    (22222222, 'Lámpara', 3000),
    (90909090, 'Parlante', 18000),
    (66666666, 'Teclado', 1500),
    (12121212, 'Impresora', 35000),
    (30303030, 'Laptop', 125000),
    (50505050, 'Auriculares', 8000),
    (88888888, 'Tablet', 56000),
    (13131313, 'Cuadro', 12000),
    (22222222, 'Ventilador', 5000),
    (10101010, 'Licuadora', 8000),
    (44444444, 'Colchón', 75000),
    (66666666, 'Silla', 22000),
    (10101010, 'Agenda', 1200),
    (22222222, 'Campera', 25000),
    (34567890, 'Mesa', 7000),
    (70707070, 'Zapatillas', 12000),
    (56789012, 'Raqueta', 14000), 
    (34567890, 'Estantería', 18000),
    (12345678, 'Televisor', 50000), 
    (87654321, 'Cafetera', 8000), 
    (98765432, 'Sofá', 20000), 
    (23456789, 'Bicicleta', 15000), 
    (34567890, 'Libro', 1200), 
    (56789012, 'Cuchillos', 2500), 
    (10101010, 'Sábanas', 3000), 
    (22222222, 'Mouse', 1200), 
    (90909090, 'Cargador', 1500), 
    (66666666, 'Vestido', 10000),
    (12121212, 'Estufa', 25000), 
    (30303030, 'Microondas', 15000), 
    (50505050, 'Sombrero', 3500), 
    (70707070, 'Mochila', 4500), 
    (88888888, 'Cartera', 8500), 
    (13131313, 'Lápiz', 50), 
    (22222222, 'Taza', 300), 
    (90909090, 'Platos', 1200), 
    (66666666, 'Mancuernas', 10000), 
    (12121212, 'Botella', 700);

/* Compro algunas de las publicaciones */
INSERT INTO producto_comprado (vendedor, producto, comprador, estado_envio, estado_compra, fecha_de_compra, forma_de_pago)
    VALUES (22222222, 'Campera', 80808080, 'EN_CAMINO', 'COMPRADA', '2024-11-23', 'EFECTIVO'),
    (66666666, 'Silla', 43210987, 'ENTREGADO', 'COMPRADA', '2024-11-20', 'TARJETA_CREDITO'),
    (13131313, 'Cuadro', 60606060, 'CANCELADO', 'CANCELADO', '2024-11-02', 'TARJETA_DEBITO'),
    (70707070, 'Zapatillas', 43210987, 'EN_PREPARACION', 'CANCELADO', '2024-10-02', 'TARJETA_DEBITO'),
    (34567890, 'Estantería', 12121212, 'CANCELADO', 'COMPRADA', '2024-11-04', 'TARJETA_DEBITO'),
    (98765432, 'Monitor', 76543210, 'EN_PREPARACION', 'COMPRADA', '2024-11-24', 'EFECTIVO'), 
    (12345678, 'Laptop', 60606060, 'EN_CAMINO', 'COMPRADA', '2024-11-23', 'TARJETA_CREDITO'), 
    (87654321, 'Smartphone', 12121212, 'EN_CAMINO', 'COMPRADA', '2024-11-22', 'TARJETA_DEBITO'), 
    (34567890, 'Mesa', 90909090, 'ENTREGADO', 'COMPRADA', '2024-11-21', 'EFECTIVO'), 
    (50505050, 'Auriculares', 33333333, 'EN_PREPARACION', 'COMPRADA', '2024-11-20', 'TARJETA_CREDITO'), 
    (10101010, 'Cámara', 22222222, 'CANCELADO', 'CANCELADO', '2024-11-19', 'EFECTIVO'), 
    (56789012, 'Reloj inteligente', 13131313, 'EN_CAMINO', 'COMPRADA', '2024-11-18', 'TARJETA_DEBITO'), 
    (22222222, 'Lámpara', 77777777, 'ENTREGADO', 'COMPRADA', '2024-11-17', 'EFECTIVO'), 
    (90909090, 'Parlante', 20202020, 'EN_PREPARACION', 'COMPRADA', '2024-11-16', 'TARJETA_CREDITO'), 
    (66666666, 'Teclado', 30303030, 'EN_CAMINO', 'COMPRADA', '2024-11-15', 'TARJETA_DEBITO'),
    (12121212, 'Impresora', 44444444, 'ENTREGADO', 'COMPRADA', '2024-11-14', 'EFECTIVO'), 
    (30303030, 'Laptop', 99999999, 'EN_PREPARACION', 'COMPRADA', '2024-11-13', 'TARJETA_CREDITO'), 
    (50505050, 'Auriculares', 90909090, 'EN_CAMINO', 'COMPRADA', '2024-11-12', 'EFECTIVO'), 
    (88888888, 'Tablet', 80808080, 'CANCELADO', 'CANCELADO', '2024-11-11', 'TARJETA_DEBITO'), 
    (13131313, 'Cuadro', 76543210, 'ENTREGADO', 'COMPRADA', '2024-11-10', 'EFECTIVO'), 
    (22222222, 'Ventilador', 66666666, 'EN_PREPARACION', 'COMPRADA', '2024-11-09', 'TARJETA_CREDITO'), 
    (10101010, 'Licuadora', 34567890, 'EN_CAMINO', 'COMPRADA', '2024-11-08', 'TARJETA_DEBITO'), 
    (44444444, 'Colchón', 77777777, 'ENTREGADO', 'COMPRADA', '2024-11-07', 'EFECTIVO'), 
    (66666666, 'Silla', 12121212, 'EN_PREPARACION', 'COMPRADA', '2024-11-06', 'TARJETA_CREDITO'), 
    (10101010, 'Agenda', 20202020, 'ENTREGADO', 'COMPRADA', '2024-11-05', 'EFECTIVO');