/* Agrego varios usuarios ejemplo */
INSERT INTO vendedores (dni, nombre) VALUES 
('12345678', 'Valentina Cabrera'),
('87654321', 'Joaquín Pérez'),
('45678912', 'Mariana López'),
('98765432', 'Sofía Rodríguez'),
('23456789', 'Tomás González'),
('43210987', 'Camila Ramírez'),
('10101010', 'Emilia Vega'),
('20202020', 'Lautaro Muñoz'),
('30303030', 'Julián Figueroa'),
('40404040', 'Florencia Morales'),
('50505050', 'Martín Castillo'),
('60606060', 'Elena Soto');

INSERT INTO compradores (dni, nombre) VALUES
('30303030', 'Julián Figueroa'),
('40404040', 'Florencia Morales'),
('50505050', 'Martín Castillo'),
('60606060', 'Elena Soto'),
('70707070', 'Gabriel Reyes'),
('80808080', 'Julieta Navarro'),
('90909090', 'Matías Rivas'),
('11111111', 'Sabrina Álvarez'),
('22222222', 'Ignacio López'),
('33333333', 'Paula Herrera'),
('44444444', 'Federico Gómez'),
('55555555', 'Lucía Domínguez'),
('66666666', 'Nicolás Ramírez'),
('77777777', 'Victoria Vargas'),
('88888888', 'Agustín Pérez'),
('99999999', 'Micaela Correa'),
('12121212', 'Juan Cruz Fernández'),
('13131313', 'María Belén Gutiérrez'),
('65432198', 'Carla Fernández'),
('34567890', 'Lucas Martínez'),
('76543210', 'Ana Torres'),
('56789012', 'Diego Silva');

INSERT INTO publicaciones (vendedor, producto, precio, disponible) VALUES
(12345678, 'Laptop Dell Inspiron 15', 75000.00, TRUE),
(87654321, 'iPhone 14 Pro', 480000.00, TRUE),
(45678912, 'Cámara Nikon D3500', 150000.00, FALSE),
(98765432, 'Televisor Samsung 55 pulgadas', 210000.00, TRUE),
(23456789, 'PlayStation 5', 320000.00, TRUE),
(43210987, 'Apple Watch Series 8', 130000.00, TRUE),
(10101010, 'Auriculares Sony WH-1000XM5', 120000.00, TRUE),
(20202020, 'Samsung Galaxy S23 Ultra', 450000.00, FALSE),
(30303030, 'Monitor LG UltraGear 27"', 160000.00, TRUE),
(40404040, 'MacBook Air M2', 700000.00, TRUE),
(50505050, 'Reloj Garmin Fenix 7', 300000.00, FALSE),
(60606060, 'Impresora Epson EcoTank', 95000.00, TRUE);

INSERT INTO categorias (categoria, producto, vendedor) VALUES
('Tecnología', 'Laptop Dell Inspiron 15', 12345678),
('Computadoras', 'Laptop Dell Inspiron 15', 12345678),
('Tecnología', 'iPhone 14 Pro', 87654321),
('Celulares', 'iPhone 14 Pro', 87654321),
('Fotografía', 'Cámara Nikon D3500', 45678912),
('Tecnología', 'Cámara Nikon D3500', 45678912),
('Electrodomésticos', 'Televisor Samsung 55 pulgadas', 98765432),
('Hogar', 'Televisor Samsung 55 pulgadas', 98765432),
('Videojuegos', 'PlayStation 5', 23456789),
('Consolas', 'PlayStation 5', 23456789),
('Accesorios', 'Apple Watch Series 8', 43210987),
('Tecnología', 'Apple Watch Series 8', 43210987),
('Audio', 'Auriculares Sony WH-1000XM5', 10101010),
('Tecnología', 'Auriculares Sony WH-1000XM5', 10101010),
('Celulares', 'Samsung Galaxy S23 Ultra', 20202020),
('Tecnología', 'Samsung Galaxy S23 Ultra', 20202020),
('Monitores', 'Monitor LG UltraGear 27"', 30303030),
('Gaming', 'Monitor LG UltraGear 27"', 30303030),
('Computadoras', 'MacBook Air M2', 40404040),
('Tecnología', 'MacBook Air M2', 40404040),
('Accesorios', 'Reloj Garmin Fenix 7', 50505050),
('Deportes', 'Reloj Garmin Fenix 7', 50505050),
('Impresoras', 'Impresora Epson EcoTank', 60606060),
('Hogar', 'Impresora Epson EcoTank', 60606060);

INSERT INTO compras (vendedor, producto, comprador, estado_envio, estado_compra, fecha_compra, forma_pago, monto_total) VALUES
(12345678, 'Laptop Dell Inspiron 15', 70707070, 'Enviado', 'Completada', '2024-11-25', 'Tarjeta de crédito', 75000.00),
(87654321, 'iPhone 14 Pro', 80808080, 'Pendiente', 'Completada', '2024-11-26', 'Transferencia bancaria', 480000.00),
(45678912, 'Cámara Nikon D3500', 90909090, 'Pendiente', 'Pendiente', '2024-11-27', 'Efectivo', 150000.00),
(98765432, 'Televisor Samsung 55 pulgadas', 11111111, 'Enviado', 'Completada', '2024-11-28', 'Tarjeta de crédito', 210000.00),
(23456789, 'PlayStation 5', 22222222, 'Pendiente', 'Completada', '2024-11-20', 'Tarjeta de crédito', 320000.00),
(43210987, 'Apple Watch Series 8', 33333333, 'Enviado', 'Completada', '2024-11-13', 'Transferencia bancaria', 130000.00),
(10101010, 'Auriculares Sony WH-1000XM5', 44444444, 'Pendiente', 'Completada', '2024-11-25', 'Tarjeta de crédito', 120000.00),
(20202020, 'Samsung Galaxy S23 Ultra', 55555555, 'Pendiente', 'Completada', '2024-11-26', 'Efectivo', 450000.00),
(30303030, 'Monitor LG UltraGear 27"', 66666666, 'Enviado', 'Completada', '2024-11-27', 'Tarjeta de crédito', 160000.00),
(40404040, 'MacBook Air M2', 77777777, 'Pendiente', 'Completada', '2024-11-28', 'Transferencia bancaria', 700000.00),
(50505050, 'Reloj Garmin Fenix 7', 88888888, 'Enviado', 'Completada', '2024-11-11', 'Efectivo', 300000.00),
(60606060, 'Impresora Epson EcoTank', 99999999, 'Pendiente', 'Pendiente', '2024-11-19', 'Tarjeta de crédito', 95000.00);
